<?xml version="1.0"?>
<schema xmlns:xsi="http://www.w3.org/2001/XMLSchema-instance"
        xsi:noNamespaceSchemaLocation="urn:magento:framework:Setup/Declaration/Schema/etc/schema.xsd">
<table name="pivotal_tradein_pricing" resource="default" engine="innodb" comment="Pivotal Tradein Pricing">
    <column xsi:type="int" name="entity_id" padding="10" unsigned="true" nullable="false" identity="true" comment="ID"/>
    <column xsi:type="varchar" name="product_condition" comment="Product_condition" length="255" nullable="false"/>
    <column xsi:type="int" name="value" comment="Value" nullable="false"/>
    <column xsi:type="boolean" name="status" comment="status" nullable="false" default="1"/>
    <constraint xsi:type="primary" referenceId="PRIMARY">
        <column name="entity_id"/>
    </constraint>
</table>
</schema>