<?xml version="1.0" ?>
<config xmlns:xsi="http://www.w3.org/2001/XMLSchema-instance" xsi:noNamespaceSchemaLocation="urn:magento:framework:Acl/etc/acl.xsd">
	<acl>
		<resources>
			<resource id="Magento_Backend::admin">
				<resource id="Pivotal_TradeInPricing::pivotal" title="Pivotal" sortOrder="10">
				    <resource id="Pivotal_TradeInPricing::trade_in" title="Trade-In" translate="title" sortOrder="10" >
						<resource id="Pivotal_TradeIn::trades" title="Trades" sortOrder="20">
							<resource id="Pivotal_TradeIn::tradein_list" title="List trade_in" sortOrder="10"/>
							<resource id="Pivotal_TradeIn::trade_in_massdelete" title="Mass Delete trade_in" sortOrder="20"/>
							<resource id="Pivotal_TradeIn::trade_in_view" title="View Page trade_in" sortOrder="30"/>
							<resource id="Pivotal_TradeIn::view_page_delete" title="Delete trade_in" sortOrder="40"/>
						</resource>
					</resource>
				</resource>
			</resource>
		</resources>
	</acl>
</config>
